2025-07-23 15:17:46.632011, addapu_praharika, login
2025-07-23 15:17:47.850540, addapu_praharika, login
2025-07-23 15:17:48.781347, addapu_praharika, login
2025-07-23 15:18:16.632834, addapu_praharika, login
2025-07-23 15:21:24.617513, addapu_praharika, login
2025-07-23 15:21:25.822668, addapu_praharika, login
2025-07-23 15:21:26.960746, addapu_praharika, login
2025-07-23 15:35:59.922754, addapu, login
2025-07-23 15:36:01.059106, addapu, login
2025-07-23 15:36:01.998649, addapu, login
2025-07-23 15:36:03.089155, addapu, login
2025-07-23 15:36:04.673491, addapu, login
2025-07-23 15:36:06.006093, addapu, login
